,Entry_Date,BANKNIFTY,Days To Expiry,CE_Symbol,CE_Entry_Price,CE_Exit_price,CE_Exit_Time,PE_Symbol,PE_Entry_Price,PE_Exit_price,PE_Exit_Time,PnL
0,2022-01-03,36564.8008,4,BANKNIFTY06JAN2236200CE,138.4,181.15,10:30:00,BANKNIFTY06JAN2235300PE,190.3,48.7,15:15:00,2471.2500000000005
1,2022-01-04,36940.1484,3,BANKNIFTY06JAN2237000CE,107.55,144.55,09:17:00,BANKNIFTY06JAN2236200PE,172.2,61.2,15:15:00,1849.999999999999
2,2022-01-05,37828.6016,2,BANKNIFTY06JAN2237200CE,86.9,113.75,09:17:00,BANKNIFTY06JAN2236600PE,118.15,17.25,15:15:00,1851.25
3,2022-01-06,37615.0,1,BANKNIFTY06JAN2237700CE,73.9,0.35,15:15:00,BANKNIFTY06JAN2237200PE,106.7,139.7,09:17:00,1013.7500000000006
4,2022-01-07,37806.1992,7,BANKNIFTY13JAN2238500CE,189.95,259.2,09:30:00,BANKNIFTY13JAN2237300PE,250.0,325.0,12:42:00,-3606.25
5,2022-01-10,38466.25,4,BANKNIFTY13JAN2238700CE,188.7,198.45,15:15:00,BANKNIFTY13JAN2237700PE,226.0,118.2,15:15:00,2451.25
6,2022-01-11,38525.0,3,BANKNIFTY13JAN2239000CE,123.55,79.25,15:15:00,BANKNIFTY13JAN2238100PE,204.0,266.25,09:35:00,-448.75
7,2022-01-12,38874.5508,2,BANKNIFTY13JAN2239100CE,115.9,63.55,15:15:00,BANKNIFTY13JAN2238400PE,136.5,73.35,15:15:00,2887.5000000000005
8,2022-01-13,38615.5,1,BANKNIFTY13JAN2238900CE,49.1,0.25,15:15:00,BANKNIFTY13JAN2238400PE,94.9,0.55,15:15:00,3580.0
9,2022-01-14,38493.3516,7,BANKNIFTY20JAN2238800CE,199.15,261.15,15:04:00,BANKNIFTY20JAN2237600PE,241.15,140.45,15:15:00,967.5000000000011
10,2022-01-17,38368.0,4,BANKNIFTY20JAN2239000CE,155.15,102.55,15:15:00,BANKNIFTY20JAN2238000PE,218.65,216.25,15:15:00,1375.0000000000005
11,2022-01-18,38201.3984,3,BANKNIFTY20JAN2238800CE,120.65,159.55,12:21:00,BANKNIFTY20JAN2237900PE,152.05,201.05,15:13:00,-2197.5
12,2022-01-19,38177.3984,2,BANKNIFTY20JAN2238400CE,107.15,146.0,09:27:00,BANKNIFTY20JAN2237700PE,149.2,58.0,15:15:00,1308.7499999999995
13,2022-01-20,38053.8008,1,BANKNIFTY20JAN2238300CE,61.95,0.45,15:15:00,BANKNIFTY20JAN2237900PE,77.55,101.35,10:43:00,942.5000000000001
14,2022-01-21,37599.0,7,BANKNIFTY27JAN2238100CE,196.8,267.35,13:12:00,BANKNIFTY27JAN2237000PE,248.0,325.0,09:26:00,-3688.75
15,2022-01-24,37055.6016,4,BANKNIFTY27JAN2238100CE,178.1,83.0,15:15:00,BANKNIFTY27JAN2237100PE,211.2,277.45,11:47:00,721.25
16,2022-01-25,37758.5,3,BANKNIFTY27JAN2237200CE,189.05,256.8,09:25:00,BANKNIFTY27JAN2236000PE,212.35,20.25,15:15:00,3108.75
17,2022-01-27,38010.0,1,BANKNIFTY27JAN2237500CE,95.3,125.5,09:24:00,BANKNIFTY27JAN2236800PE,131.5,0.25,15:15:00,2526.25
18,2022-01-28,37878.5,7,BANKNIFTY03FEB2239500CE,319.95,174.65,15:15:00,BANKNIFTY03FEB2237600PE,374.1,533.6,09:23:00,-355.00000000000045
19,2022-01-31,38159.8008,4,BANKNIFTY03FEB2239100CE,301.7,319.6,15:15:00,BANKNIFTY03FEB2237400PE,356.8,499.2,10:00:00,-4007.5000000000005
20,2022-02-01,38628.25,3,BANKNIFTY03FEB2239300CE,305.6,403.8,09:23:00,BANKNIFTY03FEB2237500PE,371.0,71.55,15:15:00,5031.25
21,2022-02-02,39448.5508,2,BANKNIFTY03FEB2239400CE,143.4,199.45,14:34:00,BANKNIFTY03FEB2238500PE,176.85,28.45,15:15:00,2308.7500000000005
22,2022-02-03,39167.6016,1,BANKNIFTY03FEB2239600CE,67.25,0.25,15:15:00,BANKNIFTY03FEB2239200PE,93.25,141.85,09:17:00,460.0000000000002
23,2022-02-04,38821.25,7,BANKNIFTY10FEB2239700CE,187.55,251.05,09:27:00,BANKNIFTY10FEB2238500PE,259.55,345.55,12:11:00,-3737.5
24,2022-02-07,38090.0,4,BANKNIFTY10FEB2239300CE,179.4,60.2,15:15:00,BANKNIFTY10FEB2238200PE,233.0,306.65,11:24:00,1138.7500000000005
25,2022-02-08,38166.1484,3,BANKNIFTY10FEB2238700CE,160.6,89.85,15:15:00,BANKNIFTY10FEB2237800PE,205.6,300.6,09:24:00,-606.2500000000009
26,2022-02-09,38701.75,2,BANKNIFTY10FEB2238700CE,105.3,137.05,09:25:00,BANKNIFTY10FEB2238000PE,142.85,33.6,15:15:00,1937.4999999999995
27,2022-02-10,39065.0,1,BANKNIFTY10FEB2239000CE,70.4,102.75,10:31:00,BANKNIFTY10FEB2238500PE,97.8,135.15,09:19:00,-1742.5
28,2022-02-11,38593.9492,7,BANKNIFTY17FEB2239200CE,195.45,143.85,15:15:00,BANKNIFTY17FEB2238100PE,236.55,319.1,10:15:00,-773.7500000000007
29,2022-02-14,36954.0508,4,BANKNIFTY17FEB2238300CE,204.2,51.6,15:15:00,BANKNIFTY17FEB2236900PE,276.85,413.8,09:17:00,391.25000000000045
30,2022-02-15,38226.1484,3,BANKNIFTY17FEB2237600CE,207.6,271.45,13:38:00,BANKNIFTY17FEB2236400PE,229.0,25.75,15:15:00,3485.0
31,2022-02-16,37896.1484,2,BANKNIFTY17FEB2238700CE,133.8,32.45,15:15:00,BANKNIFTY17FEB2238000PE,140.55,197.25,09:23:00,1116.2500000000002
32,2022-02-17,37497.3516,1,BANKNIFTY17FEB2238300CE,76.1,0.45,15:15:00,BANKNIFTY17FEB2237800PE,81.9,112.0,09:26:00,1138.75
33,2022-02-18,37577.3984,7,BANKNIFTY24FEB2238100CE,262.0,341.55,09:33:00,BANKNIFTY24FEB2236600PE,332.8,235.5,15:15:00,443.7500000000002
34,2022-02-21,37590.25,4,BANKNIFTY24FEB2238100CE,221.6,291.3,11:15:00,BANKNIFTY24FEB2236800PE,267.1,180.4,15:15:00,425.0
35,2022-02-22,37367.1992,3,BANKNIFTY24FEB2237700CE,209.95,282.85,14:10:00,BANKNIFTY24FEB2236400PE,308.75,123.35,15:15:00,2812.499999999999
36,2022-02-23,37417.1484,2,BANKNIFTY24FEB2238000CE,135.35,49.05,15:15:00,BANKNIFTY24FEB2237200PE,162.85,149.5,15:15:00,2491.25
37,2022-02-24,35300.4492,1,BANKNIFTY24FEB2236800CE,161.35,0.35,15:15:00,BANKNIFTY24FEB2235900PE,221.2,293.95,14:54:00,2206.25
38,2022-02-25,36367.1992,7,BANKNIFTY03MAR2236900CE,273.65,360.1,09:45:00,BANKNIFTY03MAR2235100PE,363.6,286.05,15:15:00,-222.50000000000068
39,2022-02-28,36285.4492,4,BANKNIFTY03MAR2236600CE,238.4,324.8,11:02:00,BANKNIFTY03MAR2235100PE,342.35,252.25,15:15:00,92.50000000000045
40,2022-03-02,35551.1484,2,BANKNIFTY03MAR2236100CE,215.65,152.8,15:15:00,BANKNIFTY03MAR2234800PE,287.3,381.95,12:46:00,-794.9999999999998
41,2022-03-03,35264.8008,1,BANKNIFTY03MAR2236100CE,106.0,0.9,15:15:00,BANKNIFTY03MAR2235500PE,123.8,164.55,09:22:00,1608.7499999999995
42,2022-03-04,34421.1992,7,BANKNIFTY10MAR2235400CE,289.6,378.45,12:53:00,BANKNIFTY10MAR2233500PE,410.7,360.55,15:15:00,-967.4999999999995
43,2022-03-07,33111.6016,4,BANKNIFTY10MAR2234300CE,259.9,198.0,15:15:00,BANKNIFTY10MAR2232600PE,357.4,469.85,09:23:00,-1263.7500000000014
44,2022-03-08,33340.0,3,BANKNIFTY10MAR2233700CE,278.55,298.45,15:15:00,BANKNIFTY10MAR2232000PE,322.0,431.2,09:20:00,-3227.499999999999
45,2022-03-09,33910.0,2,BANKNIFTY10MAR2233700CE,214.45,281.4,12:38:00,BANKNIFTY10MAR2232500PE,263.2,41.75,15:15:00,3862.5
46,2022-03-10,34610.0508,1,BANKNIFTY10MAR2235300CE,108.2,143.6,09:19:00,BANKNIFTY10MAR2234600PE,151.25,224.55,13:50:00,-2717.5
47,2022-03-11,34578.3516,7,BANKNIFTY17MAR2235200CE,295.35,386.55,09:21:00,BANKNIFTY17MAR2233300PE,369.2,271.45,15:15:00,163.75000000000045
48,2022-03-14,35189.25,4,BANKNIFTY17MAR2235700CE,280.9,368.9,12:51:00,BANKNIFTY17MAR2234100PE,362.05,283.05,15:15:00,-225.0
49,2022-03-15,35051.8516,3,BANKNIFTY17MAR2236200CE,257.2,117.2,15:15:00,BANKNIFTY17MAR2234800PE,321.2,417.75,13:15:00,1086.2499999999995
50,2022-03-16,35786.0508,2,BANKNIFTY17MAR2236200CE,182.2,177.15,15:15:00,BANKNIFTY17MAR2235100PE,230.7,153.0,15:15:00,2068.7499999999995
51,2022-03-17,36435.0,1,BANKNIFTY17MAR2236700CE,82.25,0.4,15:15:00,BANKNIFTY17MAR2236100PE,106.05,0.8,15:15:00,4677.5
52,2022-03-21,36130.0,4,BANKNIFTY24MAR2237200CE,229.45,128.45,15:15:00,BANKNIFTY24MAR2235800PE,286.2,376.0,09:21:00,279.99999999999955
53,2022-03-22,36470.75,3,BANKNIFTY24MAR2236500CE,221.85,312.6,13:12:00,BANKNIFTY24MAR2235300PE,249.2,338.35,10:13:00,-4497.500000000002
54,2022-03-23,36242.5,2,BANKNIFTY24MAR2237200CE,144.7,44.0,15:15:00,BANKNIFTY24MAR2236300PE,152.2,220.5,09:43:00,809.9999999999993
55,2022-03-24,35639.8984,1,BANKNIFTY24MAR2236000CE,91.9,130.0,09:54:00,BANKNIFTY24MAR2235400PE,105.2,1.15,15:15:00,1648.75
56,2022-03-25,35452.5,7,BANKNIFTY31MAR2236500CE,248.1,172.2,15:15:00,BANKNIFTY31MAR2234900PE,294.15,389.95,13:48:00,-497.5000000000002
57,2022-03-28,35815.0,4,BANKNIFTY31MAR2236100CE,242.45,320.0,14:36:00,BANKNIFTY31MAR2234800PE,266.95,363.6,09:45:00,-4355.000000000001
58,2022-03-29,35925.75,3,BANKNIFTY31MAR2236500CE,168.55,128.25,15:15:00,BANKNIFTY31MAR2235400PE,187.05,249.9,10:42:00,-563.7499999999995
59,2022-03-30,36380.4492,2,BANKNIFTY31MAR2236500CE,149.9,199.0,10:24:00,BANKNIFTY31MAR2235700PE,141.75,46.15,15:15:00,1162.5000000000002
60,2022-03-31,36367.6484,1,BANKNIFTY31MAR2236600CE,90.2,124.3,09:46:00,BANKNIFTY31MAR2236200PE,93.2,125.0,09:27:00,-1647.4999999999998
61,2022-04-01,37162.0,7,BANKNIFTY07APR2237000CE,203.8,269.95,09:49:00,BANKNIFTY07APR2235700PE,262.4,84.65,15:15:00,2789.9999999999995
62,2022-04-04,38650.0,4,BANKNIFTY07APR2238300CE,167.05,219.85,09:24:00,BANKNIFTY07APR2237200PE,224.05,55.05,15:15:00,2905.0000000000005
63,2022-04-05,38150.0,3,BANKNIFTY07APR2239100CE,137.7,38.25,15:15:00,BANKNIFTY07APR2238200PE,200.0,265.25,09:19:00,854.9999999999995
64,2022-04-06,37726.0,2,BANKNIFTY07APR2238100CE,116.0,152.65,09:20:00,BANKNIFTY07APR2237400PE,168.5,119.15,15:15:00,317.49999999999966
65,2022-04-07,37722.1484,1,BANKNIFTY07APR2237700CE,53.85,75.65,09:40:00,BANKNIFTY07APR2237300PE,95.6,0.6,15:15:00,1830.0
66,2022-04-08,37989.75,6,BANKNIFTY13APR2238500CE,191.0,158.8,15:15:00,BANKNIFTY13APR2237200PE,270.75,158.3,15:15:00,3616.249999999999
67,2022-04-11,37759.8008,3,BANKNIFTY13APR2238200CE,146.0,192.5,09:53:00,BANKNIFTY13APR2237200PE,192.0,134.1,15:15:00,285.0000000000002
68,2022-04-12,37870.0,2,BANKNIFTY13APR2237900CE,99.0,131.4,14:11:00,BANKNIFTY13APR2237200PE,168.45,41.05,15:15:00,2375.0
69,2022-04-13,37546.25,1,BANKNIFTY13APR2238200CE,45.95,0.2,15:15:00,BANKNIFTY13APR2237800PE,80.1,110.05,10:01:00,394.9999999999999
70,2022-04-18,37010.8008,4,BANKNIFTY21APR2237500CE,178.1,123.5,15:15:00,BANKNIFTY21APR2236400PE,223.6,306.1,12:54:00,-697.5000000000011
71,2022-04-19,36447.5,3,BANKNIFTY21APR2237400CE,130.0,35.4,15:15:00,BANKNIFTY21APR2236600PE,152.95,202.15,09:21:00,1134.9999999999995
72,2022-04-20,36419.5508,2,BANKNIFTY21APR2236700CE,113.0,157.0,12:39:00,BANKNIFTY21APR2236000PE,123.05,61.8,15:15:00,431.25
73,2022-04-21,36919.8008,1,BANKNIFTY21APR2236800CE,47.75,10.2,15:15:00,BANKNIFTY21APR2236400PE,79.8,107.45,10:24:00,247.49999999999977
74,2022-04-22,36085.0,7,BANKNIFTY28APR2237000CE,190.0,104.1,15:15:00,BANKNIFTY28APR2236000PE,212.65,280.0,14:01:00,463.7500000000002
75,2022-04-25,36067.3984,4,BANKNIFTY28APR2236200CE,191.5,259.45,09:23:00,BANKNIFTY28APR2235100PE,225.8,120.85,15:15:00,925.0000000000007
76,2022-04-26,36498.5,3,BANKNIFTY28APR2236900CE,149.35,112.4,15:15:00,BANKNIFTY28APR2236100PE,165.25,223.0,13:00:00,-520.0000000000002
77,2022-04-27,36089.25,2,BANKNIFTY28APR2236500CE,120.0,58.15,15:15:00,BANKNIFTY28APR2235800PE,111.45,174.55,11:30:00,-31.250000000000227
78,2022-04-28,36384.5508,1,BANKNIFTY28APR2236400CE,55.2,84.9,14:51:00,BANKNIFTY28APR2236000PE,76.4,109.5,09:22:00,-1570.0
79,2022-04-29,36160.0,7,BANKNIFTY05MAY2237100CE,177.15,230.65,11:49:00,BANKNIFTY05MAY2236000PE,213.55,290.75,14:26:00,-3267.5
80,2022-05-02,36227.5508,4,BANKNIFTY05MAY2236400CE,153.8,218.2,09:19:00,BANKNIFTY05MAY2235400PE,205.4,79.6,15:15:00,1535.000000000001
81,2022-05-04,35390.1016,2,BANKNIFTY05MAY2236600CE,127.05,25.3,15:15:00,BANKNIFTY05MAY2236000PE,147.15,192.4,10:04:00,1412.5
82,2022-05-05,35298.1016,1,BANKNIFTY05MAY2235800CE,72.8,107.0,09:16:00,BANKNIFTY05MAY2235500PE,90.6,118.3,13:59:00,-1547.5000000000002
83,2022-05-06,34686.1484,7,BANKNIFTY12MAY2235400CE,192.25,147.35,15:15:00,BANKNIFTY12MAY2234100PE,261.3,347.25,10:14:00,-1026.2499999999993
84,2022-05-09,34380.25,4,BANKNIFTY12MAY2234800CE,157.0,206.4,12:14:00,BANKNIFTY12MAY2233700PE,202.95,278.5,09:20:00,-3123.7500000000005
85,2022-05-10,34536.0,3,BANKNIFTY12MAY2234800CE,157.65,214.0,12:22:00,BANKNIFTY12MAY2234000PE,189.1,111.6,15:15:00,528.7500000000002
86,2022-05-11,34710.75,2,BANKNIFTY12MAY2235000CE,102.8,63.25,15:15:00,BANKNIFTY12MAY2234400PE,132.65,181.65,09:42:00,-236.2500000000001
87,2022-05-12,33608.3984,1,BANKNIFTY12MAY2234500CE,61.35,0.25,15:15:00,BANKNIFTY12MAY2234100PE,85.45,130.9,09:17:00,391.25
88,2022-05-13,33166.1484,7,BANKNIFTY19MAY2234600CE,195.5,54.05,15:15:00,BANKNIFTY19MAY2233300PE,253.1,341.75,10:08:00,1319.9999999999995
89,2022-05-16,33523.1992,4,BANKNIFTY19MAY2233800CE,178.4,238.55,09:21:00,BANKNIFTY19MAY2232600PE,213.45,98.5,15:15:00,1369.9999999999993
90,2022-05-17,34290.6016,3,BANKNIFTY19MAY2234300CE,146.05,192.7,11:00:00,BANKNIFTY19MAY2233400PE,181.4,71.25,15:15:00,1587.5000000000005
91,2022-05-18,34119.8984,2,BANKNIFTY19MAY2234700CE,121.1,160.1,09:22:00,BANKNIFTY19MAY2234000PE,140.4,132.0,15:15:00,-764.9999999999999
92,2022-05-19,33263.5508,1,BANKNIFTY19MAY2233800CE,101.6,0.2,15:15:00,BANKNIFTY19MAY2233200PE,107.7,1.0,15:15:00,5202.5
93,2022-05-20,34215.5,7,BANKNIFTY26MAY2234400CE,185.2,254.0,09:45:00,BANKNIFTY26MAY2233200PE,233.65,125.75,15:15:00,977.4999999999998
94,2022-05-23,34200.0,4,BANKNIFTY26MAY2235000CE,195.05,260.2,11:21:00,BANKNIFTY26MAY2233900PE,222.0,292.35,09:21:00,-3387.5
95,2022-05-24,34173.6484,3,BANKNIFTY26MAY2234700CE,179.0,242.7,09:23:00,BANKNIFTY26MAY2233800PE,205.05,192.2,15:15:00,-1271.249999999999
96,2022-05-25,34338.1016,2,BANKNIFTY26MAY2234900CE,133.75,44.65,15:15:00,BANKNIFTY26MAY2234200PE,156.75,183.4,15:15:00,1561.25
97,2022-05-26,35065.4492,1,BANKNIFTY26MAY2234900CE,72.1,121.75,13:15:00,BANKNIFTY26MAY2234500PE,85.45,112.95,09:43:00,-1928.7500000000002
98,2022-05-27,35629.3516,7,BANKNIFTY02JUN2236100CE,201.95,205.15,15:15:00,BANKNIFTY02JUN2234900PE,275.4,209.6,15:15:00,1564.999999999999
99,2022-05-30,35869.8984,4,BANKNIFTY02JUN2236500CE,160.0,109.4,15:15:00,BANKNIFTY02JUN2235500PE,212.0,224.0,15:15:00,964.9999999999998
100,2022-05-31,35471.6992,3,BANKNIFTY02JUN2236100CE,142.6,189.1,10:40:00,BANKNIFTY02JUN2235200PE,165.9,213.25,15:15:00,-2346.25
101,2022-06-01,35722.8516,2,BANKNIFTY02JUN2235900CE,106.5,141.75,10:34:00,BANKNIFTY02JUN2235200PE,128.6,175.5,14:45:00,-2053.75
102,2022-06-02,35762.5508,1,BANKNIFTY02JUN2235700CE,58.0,90.4,09:34:00,BANKNIFTY02JUN2235300PE,77.8,0.4,15:15:00,1124.9999999999995
103,2022-06-03,35376.3008,7,BANKNIFTY09JUN2236600CE,168.85,63.5,15:15:00,BANKNIFTY09JUN2235400PE,216.8,285.9,10:39:00,906.2500000000009
104,2022-06-06,35446.6992,4,BANKNIFTY09JUN2235900CE,176.8,165.0,15:15:00,BANKNIFTY09JUN2234800PE,210.6,148.6,15:15:00,1845.0000000000002
105,2022-06-07,35098.6992,3,BANKNIFTY09JUN2235600CE,141.1,116.7,15:15:00,BANKNIFTY09JUN2234700PE,186.4,176.35,15:15:00,861.25
106,2022-06-08,35030.0,2,BANKNIFTY09JUN2235600CE,119.5,155.95,10:44:00,BANKNIFTY09JUN2234800PE,162.2,224.9,10:04:00,-2478.75
107,2022-06-09,35180.0,1,BANKNIFTY09JUN2235100CE,45.35,5.35,15:15:00,BANKNIFTY09JUN2234700PE,81.35,106.55,09:24:00,369.9999999999999
108,2022-06-10,34581.0,7,BANKNIFTY16JUN2235300CE,164.05,109.5,15:15:00,BANKNIFTY16JUN2234200PE,201.4,273.35,12:42:00,-435.0000000000002
109,2022-06-13,33473.3984,4,BANKNIFTY16JUN2234200CE,163.55,101.0,15:15:00,BANKNIFTY16JUN2233100PE,204.0,275.2,10:05:00,-216.24999999999955
110,2022-06-14,33386.0,3,BANKNIFTY16JUN2233700CE,150.85,198.0,10:27:00,BANKNIFTY16JUN2232800PE,172.5,114.0,15:15:00,283.7499999999998
111,2022-06-15,33410.0,2,BANKNIFTY16JUN2233800CE,122.75,93.5,15:15:00,BANKNIFTY16JUN2233100PE,145.4,195.3,09:44:00,-516.2500000000002
112,2022-06-16,32646.0,1,BANKNIFTY16JUN2233900CE,56.7,0.15,15:15:00,BANKNIFTY16JUN2233500PE,62.35,83.75,09:41:00,878.75
113,2022-06-17,32656.0,7,BANKNIFTY23JUN2233000CE,209.8,307.95,09:41:00,BANKNIFTY23JUN2231700PE,281.15,156.9,15:15:00,652.4999999999995
114,2022-06-20,32757.9004,4,BANKNIFTY23JUN2233300CE,186.35,122.15,15:15:00,BANKNIFTY23JUN2232300PE,222.35,314.4,09:41:00,-696.2499999999998
115,2022-06-21,33243.1992,3,BANKNIFTY23JUN2233400CE,116.2,151.15,09:53:00,BANKNIFTY23JUN2232600PE,167.25,88.05,15:15:00,1106.25
116,2022-06-22,32863.5,2,BANKNIFTY23JUN2233300CE,93.6,36.15,15:15:00,BANKNIFTY23JUN2232700PE,133.05,187.35,09:31:00,78.75000000000045
117,2022-06-23,33181.1016,1,BANKNIFTY23JUN2233000CE,69.4,92.75,09:19:00,BANKNIFTY23JUN2232700PE,83.4,116.65,13:08:00,-1415.0
118,2022-06-24,33661.5508,7,BANKNIFTY30JUN2234100CE,199.55,200.8,15:15:00,BANKNIFTY30JUN2233000PE,204.0,166.0,15:15:00,918.75
119,2022-06-27,33869.8516,4,BANKNIFTY30JUN2234600CE,163.2,82.15,15:15:00,BANKNIFTY30JUN2233600PE,196.25,256.45,11:39:00,521.2499999999998
120,2022-06-28,33657.6484,3,BANKNIFTY30JUN2234100CE,128.4,95.4,15:15:00,BANKNIFTY30JUN2233300PE,164.05,122.85,15:15:00,1855.0000000000005
121,2022-06-29,33288.5,2,BANKNIFTY30JUN2233600CE,110.3,85.6,15:15:00,BANKNIFTY30JUN2233000PE,125.55,100.35,15:15:00,1247.5000000000002
122,2022-06-30,33420.4492,1,BANKNIFTY30JUN2233600CE,77.35,106.15,09:21:00,BANKNIFTY30JUN2233100PE,73.0,0.25,15:15:00,1098.7499999999998
123,2022-07-01,33595.5,7,BANKNIFTY07JUL2233800CE,177.7,241.6,13:09:00,BANKNIFTY07JUL2232600PE,245.95,108.5,15:15:00,1838.7499999999993
124,2022-07-04,34027.6016,4,BANKNIFTY07JUL2234200CE,158.1,183.85,15:15:00,BANKNIFTY07JUL2233300PE,188.9,102.8,15:15:00,1508.75
125,2022-07-05,33864.1992,3,BANKNIFTY07JUL2234500CE,104.3,146.15,09:51:00,BANKNIFTY07JUL2233800PE,153.4,208.05,14:55:00,-2412.5000000000005
126,2022-07-06,34386.8984,2,BANKNIFTY07JUL2234300CE,85.9,116.25,09:22:00,BANKNIFTY07JUL2233700PE,118.5,43.2,15:15:00,1123.75
127,2022-07-07,34956.0,1,BANKNIFTY07JUL2234900CE,64.7,94.45,13:23:00,BANKNIFTY07JUL2234500PE,86.2,0.25,15:15:00,1405.0
128,2022-07-08,35178.3984,7,BANKNIFTY14JUL2235700CE,158.0,123.6,15:15:00,BANKNIFTY14JUL2234700PE,202.15,192.0,15:15:00,1113.7500000000002
129,2022-07-11,35512.3984,4,BANKNIFTY14JUL2235500CE,141.2,192.35,09:19:00,BANKNIFTY14JUL2234700PE,194.2,82.55,15:15:00,1512.4999999999998
130,2022-07-12,35164.1484,3,BANKNIFTY14JUL2235700CE,102.8,133.65,09:22:00,BANKNIFTY14JUL2234900PE,143.95,161.3,15:15:00,-1205.000000000001
131,2022-07-13,34926.0,2,BANKNIFTY14JUL2235600CE,85.5,22.25,15:15:00,BANKNIFTY14JUL2235000PE,121.1,158.05,10:28:00,657.4999999999995
132,2022-07-14,34729.6484,1,BANKNIFTY14JUL2235200CE,58.15,0.2,15:15:00,BANKNIFTY14JUL2234700PE,73.95,124.5,09:16:00,185.0
133,2022-07-15,34782.1484,7,BANKNIFTY21JUL2235400CE,140.8,87.25,15:15:00,BANKNIFTY21JUL2234500PE,204.4,268.5,09:28:00,-263.74999999999955
134,2022-07-18,35399.0,4,BANKNIFTY21JUL2235400CE,115.1,152.05,12:18:00,BANKNIFTY21JUL2234600PE,160.65,66.6,15:15:00,1427.5
135,2022-07-19,35755.0,3,BANKNIFTY21JUL2235600CE,92.85,121.0,09:46:00,BANKNIFTY21JUL2234900PE,128.75,41.2,15:15:00,1485.0
136,2022-07-20,35984.0,2,BANKNIFTY21JUL2236300CE,76.5,103.3,09:42:00,BANKNIFTY21JUL2235800PE,114.1,148.85,09:23:00,-1538.75
137,2022-07-21,36165.25,1,BANKNIFTY21JUL2236100CE,60.7,84.4,09:30:00,BANKNIFTY21JUL2235800PE,87.4,0.2,15:15:00,1587.5
138,2022-07-22,36730.1484,7,BANKNIFTY28JUL2236900CE,143.55,186.7,09:28:00,BANKNIFTY28JUL2235900PE,172.55,92.8,15:15:00,915.0000000000009
139,2022-07-25,36710.0,4,BANKNIFTY28JUL2237300CE,146.75,74.2,15:15:00,BANKNIFTY28JUL2236400PE,163.15,215.7,09:53:00,500.00000000000045
140,2022-07-26,36356.3984,3,BANKNIFTY28JUL2237000CE,132.15,45.45,15:15:00,BANKNIFTY28JUL2236300PE,144.55,193.8,10:01:00,936.25
141,2022-07-27,36750.0508,2,BANKNIFTY28JUL2236600CE,116.45,154.65,10:04:00,BANKNIFTY28JUL2236000PE,103.85,39.0,15:15:00,666.2499999999997
142,2022-07-28,37371.3008,1,BANKNIFTY28JUL2237300CE,77.75,101.4,10:26:00,BANKNIFTY28JUL2237000PE,83.8,0.25,15:15:00,1497.5
143,2022-07-29,37590.0,7,BANKNIFTY04AUG2238200CE,158.75,100.4,15:15:00,BANKNIFTY04AUG2237300PE,201.05,262.8,10:09:00,-85.00000000000023
144,2022-08-01,37927.0508,4,BANKNIFTY04AUG2238100CE,130.55,171.7,12:34:00,BANKNIFTY04AUG2237300PE,186.05,268.0,09:20:00,-3077.499999999999
145,2022-08-02,38101.0,3,BANKNIFTY04AUG2238100CE,115.65,157.45,09:36:00,BANKNIFTY04AUG2237400PE,160.2,80.2,15:15:00,955.0
146,2022-08-03,38059.5508,2,BANKNIFTY04AUG2238300CE,89.9,134.25,09:16:00,BANKNIFTY04AUG2237600PE,131.6,177.4,10:29:00,-2253.75
147,2022-08-04,37733.6992,1,BANKNIFTY04AUG2238400CE,53.45,0.2,15:15:00,BANKNIFTY04AUG2238000PE,85.7,114.1,10:32:00,621.2500000000002
148,2022-08-05,37929.8008,7,BANKNIFTY11AUG2238400CE,168.75,221.2,09:58:00,BANKNIFTY11AUG2237300PE,238.4,156.55,15:15:00,735.0
149,2022-08-08,38293.1484,4,BANKNIFTY11AUG2238300CE,143.0,187.75,10:16:00,BANKNIFTY11AUG2237400PE,178.6,67.5,15:15:00,1658.75
150,2022-08-10,38352.0,2,BANKNIFTY11AUG2238700CE,89.05,52.75,15:15:00,BANKNIFTY11AUG2238000PE,127.7,166.9,09:17:00,-72.50000000000023
151,2022-08-11,38912.1484,1,BANKNIFTY11AUG2238900CE,49.05,69.85,09:43:00,BANKNIFTY11AUG2238500PE,71.85,0.35,15:15:00,1267.5
152,2022-08-12,39072.1992,7,BANKNIFTY18AUG2239400CE,129.35,127.3,15:15:00,BANKNIFTY18AUG2238500PE,191.5,114.7,15:15:00,1971.25
153,2022-08-16,39311.6484,3,BANKNIFTY18AUG2239600CE,109.75,144.9,09:39:00,BANKNIFTY18AUG2239000PE,130.1,170.55,13:14:00,-1890.0000000000005
154,2022-08-17,39492.75,2,BANKNIFTY18AUG2239600CE,92.2,97.75,15:15:00,BANKNIFTY18AUG2239100PE,111.15,148.2,09:32:00,-1064.9999999999995
155,2022-08-18,39703.0,1,BANKNIFTY18AUG2239500CE,62.1,92.1,09:16:00,BANKNIFTY18AUG2239200PE,86.8,0.25,15:15:00,1413.7500000000002
156,2022-08-19,39060.8008,7,BANKNIFTY25AUG2240100CE,151.6,57.7,15:15:00,BANKNIFTY25AUG2239300PE,171.05,249.55,10:53:00,385.0
157,2022-08-22,38398.8984,4,BANKNIFTY25AUG2239100CE,148.45,60.7,15:15:00,BANKNIFTY25AUG2238200PE,164.2,215.0,09:22:00,923.7499999999993
158,2022-08-23,38705.0,3,BANKNIFTY25AUG2238400CE,127.0,166.45,09:23:00,BANKNIFTY25AUG2237700PE,130.65,28.1,15:15:00,1577.5000000000007
159,2022-08-24,39083.6016,2,BANKNIFTY25AUG2239000CE,113.35,151.05,09:24:00,BANKNIFTY25AUG2238400PE,102.4,25.2,15:15:00,987.4999999999995
160,2022-08-25,38926.6016,1,BANKNIFTY25AUG2239400CE,64.85,92.1,09:27:00,BANKNIFTY25AUG2239000PE,60.35,72.1,15:15:00,-974.9999999999998
161,2022-08-26,39337.25,7,BANKNIFTY01SEP2239800CE,162.45,132.3,15:15:00,BANKNIFTY01SEP2238800PE,207.2,274.15,11:10:00,-920.0000000000003
162,2022-08-29,38421.9492,4,BANKNIFTY01SEP2238700CE,145.75,193.2,09:58:00,BANKNIFTY01SEP2237600PE,229.15,112.55,15:15:00,1728.7500000000002
163,2022-08-30,39666.5508,3,BANKNIFTY01SEP2239100CE,77.8,105.15,10:41:00,BANKNIFTY01SEP2238400PE,159.3,43.55,15:15:00,2210.0
164,2022-09-01,39478.0,1,BANKNIFTY01SEP2239400CE,62.45,84.05,09:19:00,BANKNIFTY01SEP2238900PE,137.6,0.35,15:15:00,2891.25
165,2022-09-02,39587.1484,7,BANKNIFTY08SEP2240200CE,177.85,135.05,15:15:00,BANKNIFTY08SEP2239000PE,243.4,320.0,09:26:00,-845.0000000000002
166,2022-09-05,39915.0,4,BANKNIFTY08SEP2240200CE,159.0,209.85,12:20:00,BANKNIFTY08SEP2239100PE,224.55,129.6,15:15:00,1102.5000000000007
167,2022-09-06,39825.0508,3,BANKNIFTY08SEP2240500CE,137.7,57.75,15:15:00,BANKNIFTY08SEP2239700PE,201.15,261.65,09:30:00,486.25000000000045
168,2022-09-07,39566.75,2,BANKNIFTY08SEP2239900CE,120.2,71.65,15:15:00,BANKNIFTY08SEP2239100PE,162.9,92.6,15:15:00,2971.25
169,2022-09-08,40294.6016,1,BANKNIFTY08SEP2240100CE,57.9,78.05,09:36:00,BANKNIFTY08SEP2239600PE,88.8,0.25,15:15:00,1710.0
170,2022-09-09,40539.25,7,BANKNIFTY15SEP2241100CE,187.25,148.85,15:15:00,BANKNIFTY15SEP2240000PE,226.55,214.6,15:15:00,1258.7500000000005
171,2022-09-12,40674.9492,4,BANKNIFTY15SEP2241100CE,169.95,141.55,15:15:00,BANKNIFTY15SEP2240200PE,210.45,279.0,09:29:00,-1003.7500000000008
172,2022-09-13,40925.0,3,BANKNIFTY15SEP2241200CE,130.95,135.05,15:15:00,BANKNIFTY15SEP2240400PE,174.45,134.6,15:15:00,893.7499999999993
173,2022-09-14,41410.8516,2,BANKNIFTY15SEP2240900CE,122.65,162.5,09:27:00,BANKNIFTY15SEP2240200PE,162.45,39.4,15:15:00,2079.9999999999995
174,2022-09-15,41250.8516,1,BANKNIFTY15SEP2241900CE,72.1,97.5,09:19:00,BANKNIFTY15SEP2241400PE,95.0,130.3,09:55:00,-1517.5000000000005
175,2022-09-16,40850.0,7,BANKNIFTY22SEP2241700CE,211.55,143.0,15:15:00,BANKNIFTY22SEP2240400PE,279.1,367.8,13:55:00,-503.7499999999993
176,2022-09-19,40983.9492,4,BANKNIFTY22SEP2241300CE,196.1,258.25,09:31:00,BANKNIFTY22SEP2240100PE,251.2,147.9,15:15:00,1028.7499999999993
177,2022-09-20,41488.3008,3,BANKNIFTY22SEP2241800CE,167.2,218.85,10:11:00,BANKNIFTY22SEP2240900PE,200.65,149.3,15:15:00,-7.500000000000455
178,2022-09-21,41254.9492,2,BANKNIFTY22SEP2241900CE,146.35,81.65,15:15:00,BANKNIFTY22SEP2241100PE,188.85,271.8,09:45:00,-456.2500000000007
179,2022-09-22,40714.1484,1,BANKNIFTY22SEP2241300CE,114.6,150.55,09:23:00,BANKNIFTY22SEP2240700PE,142.55,190.8,09:16:00,-2105.0000000000005
180,2022-09-23,39669.0,7,BANKNIFTY29SEP2241200CE,216.85,76.0,15:15:00,BANKNIFTY29SEP2240000PE,261.05,346.45,09:18:00,1386.2500000000005
181,2022-09-26,38682.8008,4,BANKNIFTY29SEP2239800CE,213.2,78.6,15:15:00,BANKNIFTY29SEP2238500PE,268.0,355.55,09:19:00,1176.2499999999995
182,2022-09-27,38469.6992,3,BANKNIFTY29SEP2239400CE,172.9,67.55,15:15:00,BANKNIFTY29SEP2238400PE,208.05,281.25,11:03:00,803.7500000000002
183,2022-09-28,37817.0,2,BANKNIFTY29SEP2238500CE,135.5,189.1,09:53:00,BANKNIFTY29SEP2237600PE,150.65,196.95,09:19:00,-2497.499999999999
184,2022-09-29,37663.6992,1,BANKNIFTY29SEP2238400CE,95.05,0.4,15:15:00,BANKNIFTY29SEP2237900PE,74.0,97.3,09:56:00,1783.75
185,2022-09-30,38769.1992,7,BANKNIFTY06OCT2238400CE,246.3,328.15,10:17:00,BANKNIFTY06OCT2236900PE,323.15,82.7,15:15:00,3965.000000000001
186,2022-10-03,38175.0,4,BANKNIFTY06OCT2239300CE,159.45,36.1,15:15:00,BANKNIFTY06OCT2238100PE,281.2,368.15,10:02:00,910.0000000000005
187,2022-10-04,39273.1992,3,BANKNIFTY06OCT2239200CE,128.65,188.05,09:20:00,BANKNIFTY06OCT2238400PE,181.9,56.5,15:15:00,1649.9999999999998
188,2022-10-06,39394.6484,1,BANKNIFTY06OCT2239800CE,58.85,0.15,15:15:00,BANKNIFTY06OCT2239300PE,129.1,169.6,09:19:00,455.0
189,2022-10-07,39263.0,7,BANKNIFTY13OCT2239700CE,192.9,194.8,15:15:00,BANKNIFTY13OCT2238500PE,257.2,189.1,15:15:00,1654.9999999999995
190,2022-10-10,39247.8984,4,BANKNIFTY13OCT2239300CE,147.0,191.4,11:28:00,BANKNIFTY13OCT2238200PE,222.85,95.3,15:15:00,2078.75
191,2022-10-11,38765.0,3,BANKNIFTY13OCT2239500CE,145.0,67.8,15:15:00,BANKNIFTY13OCT2238600PE,207.6,273.15,15:12:00,291.25000000000045
192,2022-10-12,39201.4492,2,BANKNIFTY13OCT2239100CE,140.0,184.9,09:23:00,BANKNIFTY13OCT2238300PE,151.65,35.65,15:15:00,1777.4999999999998
193,2022-10-13,38734.1992,1,BANKNIFTY13OCT2239300CE,59.55,0.15,15:15:00,BANKNIFTY13OCT2238800PE,122.1,171.5,10:14:00,249.99999999999977
194,2022-10-14,39410.0508,7,BANKNIFTY20OCT2240200CE,216.15,114.25,15:15:00,BANKNIFTY20OCT2239000PE,261.35,283.0,15:15:00,2006.2500000000005
195,2022-10-17,39935.0,4,BANKNIFTY20OCT2240000CE,159.5,207.35,10:13:00,BANKNIFTY20OCT2239000PE,219.7,286.05,09:30:00,-2855.0
196,2022-10-18,40366.6484,3,BANKNIFTY20OCT2240700CE,134.75,114.3,15:15:00,BANKNIFTY20OCT2239900PE,171.95,142.45,15:15:00,1248.75
197,2022-10-19,40379.5,2,BANKNIFTY20OCT2240800CE,90.25,120.1,09:42:00,BANKNIFTY20OCT2240200PE,137.55,182.4,12:35:00,-1867.4999999999995
198,2022-10-20,40230.0,1,BANKNIFTY20OCT2240300CE,63.7,0.45,15:15:00,BANKNIFTY20OCT2239900PE,75.85,103.2,09:41:00,897.4999999999998
199,2022-10-21,40750.5508,7,BANKNIFTY27OCT2240900CE,169.65,235.45,09:57:00,BANKNIFTY27OCT2240000PE,192.1,107.75,15:15:00,463.75000000000045
200,2022-10-25,41097.1484,3,BANKNIFTY27OCT2241700CE,114.85,25.5,15:15:00,BANKNIFTY27OCT2241100PE,118.2,163.45,09:16:00,1102.5000000000005
201,2022-10-27,41282.8984,1,BANKNIFTY27OCT2241500CE,75.1,100.8,09:20:00,BANKNIFTY27OCT2241100PE,62.35,0.3,15:15:00,908.7499999999999
202,2022-10-28,41170.1016,7,BANKNIFTY03NOV2242000CE,172.85,95.9,15:15:00,BANKNIFTY03NOV2240900PE,269.95,351.0,11:38:00,-102.50000000000045
203,2022-10-31,41460.1484,4,BANKNIFTY03NOV2241900CE,151.65,117.55,15:15:00,BANKNIFTY03NOV2241000PE,222.3,298.75,10:09:00,-1058.7499999999995
204,2022-11-01,41495.0,3,BANKNIFTY03NOV2242000CE,106.5,143.35,09:46:00,BANKNIFTY03NOV2241200PE,171.9,223.7,12:33:00,-2216.2499999999995
205,2022-11-02,41318.1484,2,BANKNIFTY03NOV2241800CE,97.55,47.95,15:15:00,BANKNIFTY03NOV2241100PE,149.6,197.1,12:50:00,52.49999999999977
206,2022-11-03,41432.0,1,BANKNIFTY03NOV2241300CE,50.45,65.95,09:27:00,BANKNIFTY03NOV2240800PE,101.9,0.2,15:15:00,2155.0
207,2022-11-04,41417.0,7,BANKNIFTY10NOV2242000CE,149.25,102.25,15:15:00,BANKNIFTY10NOV2241000PE,235.95,312.3,10:34:00,-733.7500000000005
208,2022-11-07,41825.6992,4,BANKNIFTY10NOV2242200CE,108.3,62.5,15:15:00,BANKNIFTY10NOV2241400PE,152.9,208.0,10:45:00,-232.49999999999977
209,2022-11-09,41950.0,2,BANKNIFTY10NOV2242100CE,81.9,114.1,14:14:00,BANKNIFTY10NOV2241600PE,131.1,81.5,15:15:00,435.0
210,2022-11-10,41724.0508,1,BANKNIFTY10NOV2241800CE,37.65,0.15,15:15:00,BANKNIFTY10NOV2241500PE,92.2,122.4,12:03:00,182.4999999999999
211,2022-11-11,42267.6484,7,BANKNIFTY17NOV2242700CE,128.0,169.8,12:19:00,BANKNIFTY17NOV2241800PE,194.55,172.35,15:15:00,-489.9999999999998
212,2022-11-14,42209.1484,4,BANKNIFTY17NOV2242600CE,104.7,76.55,15:15:00,BANKNIFTY17NOV2241800PE,151.8,128.1,15:15:00,1296.2500000000005
213,2022-11-15,42469.1484,3,BANKNIFTY17NOV2242600CE,81.95,97.65,15:15:00,BANKNIFTY17NOV2242000PE,119.9,80.4,15:15:00,595.0
214,2022-11-16,42577.0508,2,BANKNIFTY17NOV2242700CE,58.5,76.55,10:06:00,BANKNIFTY17NOV2242200PE,115.0,64.45,15:15:00,812.5
215,2022-11-17,42510.0,1,BANKNIFTY17NOV2242700CE,26.4,34.8,09:33:00,BANKNIFTY17NOV2242300PE,61.55,0.9,15:15:00,1306.25
216,2022-11-18,42508.75,7,BANKNIFTY24NOV2243000CE,124.2,92.0,15:15:00,BANKNIFTY24NOV2242200PE,164.55,217.85,10:54:00,-527.4999999999994
217,2022-11-21,42372.0508,4,BANKNIFTY24NOV2242700CE,104.45,87.3,15:15:00,BANKNIFTY24NOV2242000PE,113.4,89.8,15:15:00,1018.7500000000003
218,2022-11-22,42480.1016,3,BANKNIFTY24NOV2242700CE,81.7,69.05,15:15:00,BANKNIFTY24NOV2242200PE,103.3,60.9,15:15:00,1376.25
219,2022-11-23,42715.3984,2,BANKNIFTY24NOV2242800CE,53.55,81.7,09:27:00,BANKNIFTY24NOV2242400PE,62.8,36.1,15:15:00,-36.25000000000023
220,2022-11-24,43058.6016,1,BANKNIFTY24NOV2242900CE,37.15,55.9,09:26:00,BANKNIFTY24NOV2242700PE,49.2,0.35,15:15:00,752.5
221,2022-11-25,43290.75,7,BANKNIFTY01DEC2243600CE,83.65,122.7,09:28:00,BANKNIFTY01DEC2242900PE,160.55,217.75,11:51:00,-2406.2499999999995
222,2022-11-28,43295.3008,4,BANKNIFTY01DEC2243300CE,79.8,103.85,11:55:00,BANKNIFTY01DEC2242700PE,140.45,84.45,15:15:00,798.7499999999997
223,2022-11-29,43294.9492,3,BANKNIFTY01DEC2243500CE,60.5,79.25,09:32:00,BANKNIFTY01DEC2243000PE,149.9,129.6,15:15:00,38.750000000000284
224,2022-11-30,43478.5,2,BANKNIFTY01DEC2243500CE,47.15,36.4,15:15:00,BANKNIFTY01DEC2243100PE,108.0,144.4,09:55:00,-641.2500000000001
225,2022-12-01,43470.8008,1,BANKNIFTY01DEC2243700CE,17.5,23.65,09:19:00,BANKNIFTY01DEC2243400PE,79.05,108.9,13:25:00,-900.0000000000002
226,2022-12-02,43342.3984,7,BANKNIFTY08DEC2243700CE,90.7,76.15,15:15:00,BANKNIFTY08DEC2242900PE,195.45,154.35,15:15:00,1391.2499999999998
227,2022-12-05,43528.0,4,BANKNIFTY08DEC2243600CE,83.65,110.85,12:47:00,BANKNIFTY08DEC2243000PE,155.1,208.05,09:58:00,-2003.7500000000002
228,2022-12-06,43460.0,3,BANKNIFTY08DEC2243700CE,68.9,62.45,15:15:00,BANKNIFTY08DEC2243100PE,151.7,139.5,15:15:00,466.2499999999998
229,2022-12-07,43325.1016,2,BANKNIFTY08DEC2243600CE,71.85,27.85,15:15:00,BANKNIFTY08DEC2243100PE,140.45,185.3,10:52:00,-21.250000000000682
230,2022-12-08,43743.1992,1,BANKNIFTY08DEC2243400CE,34.65,45.3,09:27:00,BANKNIFTY08DEC2243100PE,85.9,0.2,15:15:00,1876.25
231,2022-12-09,43808.0,7,BANKNIFTY15DEC2244100CE,97.0,126.55,10:04:00,BANKNIFTY15DEC2243500PE,173.6,231.0,12:54:00,-2173.75
232,2022-12-12,43895.0,4,BANKNIFTY15DEC2243900CE,80.5,117.45,09:44:00,BANKNIFTY15DEC2243300PE,134.7,70.0,15:15:00,693.7499999999997
233,2022-12-13,44061.6016,3,BANKNIFTY15DEC2244200CE,54.1,73.35,09:23:00,BANKNIFTY15DEC2243600PE,117.35,84.55,15:15:00,338.75000000000006
234,2022-12-14,44180.0,2,BANKNIFTY15DEC2244400CE,47.5,33.7,15:15:00,BANKNIFTY15DEC2243900PE,115.9,88.3,15:15:00,1035.0000000000002
235,2022-12-15,43549.3984,1,BANKNIFTY15DEC2244200CE,35.65,47.2,09:22:00,BANKNIFTY15DEC2243900PE,58.35,78.4,12:31:00,-790.0000000000002
236,2022-12-16,43260.3516,7,BANKNIFTY22DEC2243800CE,103.6,137.35,09:23:00,BANKNIFTY22DEC2243000PE,153.0,199.35,10:19:00,-2002.4999999999998
237,2022-12-19,43535.0,4,BANKNIFTY22DEC2243700CE,102.75,106.7,15:15:00,BANKNIFTY22DEC2243000PE,126.7,165.1,09:25:00,-1058.7499999999998
238,2022-12-20,43459.5,3,BANKNIFTY22DEC2243700CE,71.45,61.7,15:15:00,BANKNIFTY22DEC2243100PE,129.25,169.35,09:51:00,-758.7499999999999
239,2022-12-21,42711.8008,2,BANKNIFTY22DEC2243800CE,60.75,20.05,15:15:00,BANKNIFTY22DEC2243400PE,82.6,111.65,09:51:00,291.2499999999999
240,2022-12-22,42490.0,1,BANKNIFTY22DEC2243200CE,61.4,0.3,15:15:00,BANKNIFTY22DEC2242700PE,82.75,108.1,09:16:00,893.7500000000001
241,2022-12-23,41745.0,7,BANKNIFTY29DEC2242700CE,158.5,48.0,15:15:00,BANKNIFTY29DEC2241700PE,208.2,283.75,14:13:00,873.7499999999998
242,2022-12-26,42650.0,4,BANKNIFTY29DEC2242200CE,139.1,182.55,09:24:00,BANKNIFTY29DEC2241300PE,156.5,41.35,15:15:00,1792.4999999999995
243,2022-12-27,42865.0,3,BANKNIFTY29DEC2243100CE,126.6,167.05,09:19:00,BANKNIFTY29DEC2242400PE,143.0,185.9,09:27:00,-2083.750000000001
244,2022-12-28,42844.6992,2,BANKNIFTY29DEC2243100CE,95.3,125.4,09:26:00,BANKNIFTY29DEC2242400PE,119.8,50.55,15:15:00,978.7499999999998
245,2022-12-29,43240.0,1,BANKNIFTY29DEC2242800CE,78.45,102.75,13:46:00,BANKNIFTY29DEC2242400PE,69.7,91.6,09:20:00,-1154.9999999999995
246,2022-12-30,43140.0,7,BANKNIFTY05JAN2344000CE,125.55,52.95,15:15:00,BANKNIFTY05JAN2343000PE,213.9,281.7,11:16:00,120.00000000000023
